gain,strategyName
-0.00013631612933562152,st1
-0.0001776055523975823,st2
-8.126356525300715e-05,st3
-0.0001500792703562751,st4
